id,date,message,media,views,forwards,pinned,reactions,replies
2694,2026-02-27 13:46:35+00:00,,"MessageMediaPhoto(spoiler=False, photo=Photo(id=5264974287188203155, access_hash=-5454552855414622478, file_reference=b'\x02VST\xae\x00\x00\n\x86i\xc2w/\xe5\xe8MWb\xceS\x16\x81\xfej_\x0bI\xbb\xc2', date=datetime.datetime(2026, 2, 27, 13, 37, 38, tzinfo=datetime.timezone.utc), sizes=[PhotoStrippedSize(type='i', bytes=b""\x01((T0\x85\x1b\xd0\x93J\x1a\xdf'1\x9cv\xc1\xa6\xa9\xc2\x8f\x9c\x8f\xc2\x82\xe4\x0e$'\xf0\xac.wXvm\xf0>F\xcfp*\xb9\xa7\xb3\x1c\xe41&\x98i\r+\tE-\x14\x0c\x9dd\xda1\x8f\xd6\x83.{\x1f\xce\x99IE\xc3\x95\x0f2\x9cq\x90~\xb4\xc7r\xe0g\xb7\xbd%%\x17\x0b!(\xa5\xa2\x81\x92b\x93\x1e\xf4QH\x03\x1e\xf4\xdc{\xd1E\x00\x04QE\x14\xc0""), PhotoSize(type='m', w=320, h=320, size=16207), PhotoSize(type='x', w=800, h=800, size=59501), PhotoSizeProgressive(type='y', w=1280, h=1280, sizes=[10683, 23547, 35480, 45824, 73809])], dc_id=2, has_stickers=False, video_sizes=[]), ttl_seconds=None)",9818.0,35.0,False,,
2693,2026-02-27 13:46:35+00:00,,"MessageMediaPhoto(spoiler=False, photo=Photo(id=5264974287188203154, access_hash=-3814659854852279825, file_reference=b'\x02VST\xae\x00\x00\n\x85i\xc2w/\x08\xa4Is\xa1AD\x97\xaa\xa5\xd7\xeeA\xb8\x00\xd1', date=datetime.datetime(2026, 2, 27, 13, 37, 38, tzinfo=datetime.timezone.utc), sizes=[PhotoStrippedSize(type='i', bytes=b'\x01((\x9e8\xd1\xa2\x07\xcb$\xf4\xce\x7f\xfa\xf4\xef*?\xf9\xe4\x7f?\xfe\xbd@\xa7\xe5\xfb\xcc>\x94\xbb\x80\xe3{\xe2\xb0\xb9\xd8\xd3\xee>[rq\xb22=rj\xb1\xe2\xa5,s\xf7\xdf\x15\x19\xeb\xd6\x93*7\xea%\x14QH\xb1\xe1\x98\x0c\x02G\xe3Af=I?\x8d%\x14\n\xc8\x0eOS\x9a(\xa2\x90\xc4\xa2\x96\x8a`-\x1f\x8d\x14R\x00\xfch\xa2\x8a\x00J(\xa2\x80?'), PhotoSize(type='m', w=320, h=320, size=13778), PhotoSize(type='x', w=800, h=800, size=51775), PhotoSizeProgressive(type='y', w=1280, h=1280, sizes=[9834, 20758, 30140, 38441, 62791])], dc_id=2, has_stickers=False, video_sizes=[]), ttl_seconds=None)",12158.0,35.0,False,,
2692,2026-02-27 13:46:34+00:00,,"MessageMediaPhoto(spoiler=False, photo=Photo(id=5264974287188203153, access_hash=587241890383214127, file_reference=b'\x02VST\xae\x00\x00\n\x84i\xc2w/>G5\x97_\xd3J\xae\x08\x85\x8d\xec*\xf0Y_', date=datetime.datetime(2026, 2, 27, 13, 37, 37, tzinfo=datetime.timezone.utc), sizes=[PhotoStrippedSize(type='i', bytes=b'\x01((\x91\x0c!\x06\xe4%\xbb\xd2\x96\x83o\x08s\xfe}\xe9\x106\xce\x18\x8f\xc2\x83\xb8\x7f\x11\xfc\xab\x03\xb2\xda\x8b\xba\x0c}\xc3\x9f\xadG&\xc2\xdf  {\xd3\x9c\x91\x91\xbc\x93\xf4\xa6d\xe3\x19\xa4\xcaK\xa8\x94QEIc\xd5r>\xe0?\x8d.\xdf\xf6\x07\xfd\xf5L\x0c\x00\xe5s\xf8\xd2\xee_\xee~\xb4\xc9\xd4R\xbc\x1f\x90\x7f\xdfT\x87\xee\x8e\x07\xd74n_\xee~\xb4\x99\x18\xe9@!(\xa2\x8aE\x0bG\xe3E\x14\x00~4QE\x00%\x14Q@\x1f'), PhotoSize(type='m', w=320, h=320, size=19953), PhotoSize(type='x', w=800, h=800, size=75682), PhotoSizeProgressive(type='y', w=1280, h=1280, sizes=[11125, 28591, 44426, 58136, 94042])], dc_id=2, has_stickers=False, video_sizes=[]), ttl_seconds=None)",12346.0,35.0,False,,
2691,2026-02-27 13:46:34+00:00,,"MessageMediaPhoto(spoiler=False, photo=Photo(id=5264974287188203152, access_hash=5189608893745581696, file_reference=b""\x02VST\xae\x00\x00\n\x83i\xc2w/\xd2\x0e\x97e'h\x8f\xb8>w\xd0\xa8\x1ag7\xd2"", date=datetime.datetime(2026, 2, 27, 13, 37, 37, tzinfo=datetime.timezone.utc), sizes=[PhotoStrippedSize(type='i', bytes=b""\x01((j\x18\x02.\xf5b\xdd\xfd\r<\xb5\xa6?\xd5\xb7\xe7\xff\x00\xd7\xa4\x8c1Q\x87#\xf0\xa3k\xf7s\xf9V'c\x105\xae\x06\xe8\xce}\xbf\xfdt\xc9\xcc\x05?t\x8c\x0e{\xd0ZB\x0f9\x15\x19c\x8cg\x8a.5\x123E-\x14\x16Y]\x9bFq\x9f\xa9\xa3\xf7~\x83\xf3?\xe1J\x99\xda>R\x7f\x00i[ \x7f\xaba\xf5Q\xfe\x14\x89#;6\x9c\x00\x0f\xe3Q\xd4\xa5\x88\x19\n\x00\xff\x00tTg\x93@\xd0\xc3E-\x14\x0c\x97\xf1\xa4\xfch\xa2\x90\t\x8fzL{\xd1E\x00\x04QE\x14\xc0""), PhotoSize(type='m', w=320, h=320, size=23851), PhotoSize(type='x', w=800, h=800, size=87304), PhotoSizeProgressive(type='y', w=1280, h=1280, sizes=[13116, 32744, 51864, 67913, 106711])], dc_id=2, has_stickers=False, video_sizes=[]), ttl_seconds=None)",10423.0,35.0,False,,
2690,2026-02-27 13:46:34+00:00,,"MessageMediaPhoto(spoiler=False, photo=Photo(id=5264974287188203151, access_hash=-3986255514402250837, file_reference=b'\x02VST\xae\x00\x00\n\x82i\xc2w/{e\x8f\x7fM\x81\xc3+\xd7\x0f\xafi\xebU68', date=datetime.datetime(2026, 2, 27, 13, 37, 36, tzinfo=datetime.timezone.utc), sizes=[PhotoStrippedSize(type='i', bytes=b'\x01((r\x18B\x00\xe8s\xea)\xd9\xb6\'\xee0\xa6+a@\xdeG\xe1H\\\xe7\xef\x9c}+\x0b\x9d\xbc\xa3\xc1\xb6\xcf*x\x1f\x9d2S\x01C\xe5\xa3\x06\xf7\xa6\x99\x1b?z\x9aKc\x04\x9a.5\x11\xb4QE""\x89\xd4\xe1G\xce\xc3\xdb\x14\xbb\x8e?\xd67\xe5L\x0c\xc0`\x12\x05&N1\x93\x8a.+\nX\x90F\xe6#\xb50\x92z\x9aZJ\x07a(\xa2\x8a\x06IF=\xe8\xa2\x90\t\x8fzL{\xd1E\x00\x04QE\x14\x01'), PhotoSize(type='m', w=320, h=320, size=17650), PhotoSize(type='x', w=800, h=800, size=65320), PhotoSizeProgressive(type='y', w=1280, h=1280, sizes=[11175, 25383, 38613, 49925, 80114])], dc_id=2, has_stickers=False, video_sizes=[]), ttl_seconds=None)",10598.0,35.0,False,,
2689,2026-02-27 13:46:34+00:00,,"MessageMediaPhoto(spoiler=False, photo=Photo(id=5264974287188203150, access_hash=2766194132117852920, file_reference=b'\x02VST\xae\x00\x00\n\x81i\xc2w/i\x0b\x91\xed\xfc\xb6a\x8a0\x9a\xb3A\xcd\xd7\x1b\xc6', date=datetime.datetime(2026, 2, 27, 13, 37, 36, tzinfo=datetime.timezone.utc), sizes=[PhotoStrippedSize(type='i', bytes=b""\x01((\x923\x06\xc1\xbd\toZI\x0c%~E \xe6\x91[\x0b\xf7\xf1\xed\x8a]\xdf\xed\x9c}+\x9c\xed\xb6\xa4t\x95&G\xf7\xcf\xbf\x14\xd2\x17\xb1'\xf0\xa4]\xc6QJ}\xa8\xa0d\x8ap>\xf9\x1f\x85\x19\x19\xce\xf6\xfc\xa9\xa1\x98\x0e\x18\x8f\xc6\x97{\x7fx\xfet\\\x9b\x06\x17\xfb\xc7\xf2\xa4!s\xd4\x9f\xc2\x8c\x9fS\xcd%\x03\xb0\x1cg\x8e\x94QE\x03\x16\x8f\xc6\x8a)\x00~4QE\x00%\x14Q@\x1f""), PhotoSize(type='m', w=320, h=320, size=16096), PhotoSize(type='x', w=800, h=800, size=61359), PhotoSizeProgressive(type='y', w=1280, h=1280, sizes=[10039, 23517, 35790, 46386, 75629])], dc_id=2, has_stickers=False, video_sizes=[]), ttl_seconds=None)",10463.0,35.0,False,,
2688,2026-02-27 13:46:34+00:00,,"MessageMediaPhoto(spoiler=False, photo=Photo(id=5264974287188203149, access_hash=230897642067787165, file_reference=b'\x02VST\xae\x00\x00\n\x80i\xc2w/\xf9\x1f\x10\x89u*\x9bJ\x8b\x17\\`\xea\xf0\x12\xd7', date=datetime.datetime(2026, 2, 27, 13, 37, 36, tzinfo=datetime.timezone.utc), sizes=[PhotoStrippedSize(type='i', bytes=b""\x01(([x#x\x01h\x8b1\x07\x07=y\xfa\xd2K\x04[N\xc8\xca\x93\xd3'\xa7?_\xf3\x9a\x80\x1c'\xdfp}\x07JB\xed\x8f\xbf&~\xb5\x95\xce\xceW}\xcb-\x04 n\xf2\x1b\x00d\xfc\xde\xdf_\xa5P}\xbb\xce\xcc\xed\xcf\x19\xebN\xdc\xfd2\xdc\xf1\x8c\xd3\x08 \xf3@\xe2\xac\x14QE\x05\x16\x94\x90\xa3\r \xfat\xa6\x96|}\xe93\xf5\xa5\x0c\x02\xe3,>\x86\x8d\xc3\x1fzJB\xb1\x1b\x19:\x92\xdf\x8d1\x83g-\x9f\xc6\xa4f\xca\x9eX\x9f\xad0\x92z\x9c\xd01\x94R\x9a)\x81>=\xe9\xb8\xf7\xa2\x8a\x91\x89\x8fzB=\xe8\xa2\x80\x1aG\xbd\x14QLG""), PhotoSize(type='m', w=320, h=320, size=20859), PhotoSize(type='x', w=800, h=800, size=74642), PhotoSizeProgressive(type='y', w=1280, h=1280, sizes=[12277, 28302, 44168, 57562, 90160])], dc_id=2, has_stickers=False, video_sizes=[]), ttl_seconds=None)",9605.0,34.0,False,,
2687,2026-02-27 13:46:34+00:00,,"MessageMediaPhoto(spoiler=False, photo=Photo(id=5264974287188203173, access_hash=-2158352537639156979, file_reference=b'\x02VST\xae\x00\x00\n\x7fi\xc2w/\x073d4\xd9\xa3\xd8=)\xc7\xdd\xf9G\xa0G\x81', date=datetime.datetime(2026, 2, 27, 13, 43, 44, tzinfo=datetime.timezone.utc), sizes=[PhotoStrippedSize(type='i', bytes=b""\x01((#0\x04\x1eb\x12\xdd\xcd\x01\xad\xf3\xccg\x19\xech@\xdb\x06\x1c\x81\xf4\xa3$.\xef0\xfeU\x89\xda6C\x01C\xb1\x08n\xd9\xa81S\x97\xff\x00\xa6\xa7\xfe\xf9\xa6\xb3w\xf3\t?J\x06\xb4 4S\x8f''\xad\x14\x8a']\x9by\xc6\x7f\x1a1\x1f\xb7\xe6\x7f\xc2\x901\x03\x1c~ Rn>\xdf\x95!Y\x8b\xfb\xbc\xff\x00\x0f\xe6i\x85F>\xfa\x9f\xce\x8aJc\xb0\x8c\x00\xe8sE\x14P\x04\x98\xa4\xc7\xbd\x14T\x8c1\xefI\x8fz(\xa6!\x08\xa2\x8a(\x03""), PhotoSize(type='m', w=320, h=320, size=20434), PhotoSize(type='x', w=800, h=800, size=77781), PhotoSize(type='y', w=1280, h=1280, size=147296), PhotoSizeProgressive(type='w', w=2560, h=2560, sizes=[40363, 81554, 118051, 149470, 236949])], dc_id=2, has_stickers=False, video_sizes=[]), ttl_seconds=None)",9085.0,34.0,False,,
2686,2026-02-27 13:46:34+00:00,"Топ категорий мартовской распродажи

Близится 8 марта — уже вовсю начинают покупать подарки для мам, бабушек, жён, дочерей и коллег.

Снова подготовили шпаргалку с популярными категориями прошлогодней распродажи — изучайте, корректируйте карточки, добавляйте товары в Бестселлеры или активнее продвигайте их на Маркете другими способами.

❤️  В марте товары для красоты пользуются особой популярностью. А тариф на размещение в этой категории — сниженный:

🔹5% — FBY, FBS со средним временем отгрузки до 28 часов, Экспресс

🔹12% — FBS с отгрузкой дольше 36 часов, DBS

➡️ Вступайте в Бестселлеры

#продвижение","MessageMediaPhoto(spoiler=False, photo=Photo(id=5264974287188203146, access_hash=-5378040863318671387, file_reference=b'\x02VST\xae\x00\x00\n~i\xc2w/\x0c\xb3\xbe\x82\x1b_\x83]\x13\xf6\x8do\xe8\x15d\x8a', date=datetime.datetime(2026, 2, 27, 13, 37, 35, tzinfo=datetime.timezone.utc), sizes=[PhotoStrippedSize(type='i', bytes=b""\x01((r\x18v\x00\xeas\xea)\xd9\xb6'\xee0\xa6)\xc2\xe3y\x1e\xd8\xa3y\xc9\xf9\xcf\xe5X\\\xeeq\x1d\xba\xdf#(O\xf5\xa4\xddo\x83\x88\xceq\xfe{\xd3<\xc6\xf5\xa6\xeel\xe7&\x8b\x87(\x92m\xdevgol\xd1Hy94R)hN\xad\x85\x03{\x0f\xa0\xa3w\xfd4o\xca\x9b\xb9\x80\xc0n(\xde\xdf\xde?\x9d\x17\x15\x85\xdes\xf7\xd8\xd4d\x9cc'\x14\xb9l\xf54\x94\\i\r\xa2\x96\x8aC$\xa4\xc7\xbd\x14R\x00\xc7\xbd&=\xe8\xa2\x98\x08E\x14Q@\x1f""), PhotoSize(type='m', w=320, h=320, size=19812), PhotoSize(type='x', w=800, h=800, size=73100), PhotoSizeProgressive(type='y', w=1280, h=1280, sizes=[11852, 27847, 42643, 55380, 89174])], dc_id=2, has_stickers=False, video_sizes=[]), ttl_seconds=None)",8786.0,36.0,False,"MessageReactions(results=[ReactionCount(reaction=ReactionEmoji(emoticon='👎'), count=20, chosen_order=None), ReactionCount(reaction=ReactionEmoji(emoticon='❤'), count=17, chosen_order=None), ReactionCount(reaction=ReactionEmoji(emoticon='🔥'), count=6, chosen_order=None), ReactionCount(reaction=ReactionEmoji(emoticon='👏'), count=2, chosen_order=None)], min=False, can_see_list=False, reactions_as_tags=False, recent_reactions=[], top_reactors=[])",33.0
2676,2026-02-26 11:47:42+00:00,"Встречаемся на конференции «Селлеры и маркетплейсы — 2026»

Уже завтра, 27 февраля, выступим на конференции для продавцов, производителей и брендов в Москве. Директор подразделений Анна Мелихова расскажет:

🔸Как поменялись тарифы в категории красоты на Маркете
🔸В чём выгода сниженного тарифа для вас и как выстроить работу в новых условиях
🔸Какие инструменты продвижения использовать, чтобы увеличить продажи

Когда: 27 февраля в 13:45
Где: Москва, кластер «Ломоносов», зал 1
Секция: 1.5. Инсайд-сессия с маркетплейсами

🔗 Участие только офлайн, билеты по ссылке.

#мероприятия","MessageMediaPhoto(spoiler=False, photo=Photo(id=5262722487374516718, access_hash=-357167384033462282, file_reference=b""\x02VST\xae\x00\x00\nti\xc2w/m\xaf'\x8b\xf4'\xe8\x81\xdc\x0cU\xf1\xca{\x9e\xda"", date=datetime.datetime(2026, 2, 26, 11, 12, 16, tzinfo=datetime.timezone.utc), sizes=[PhotoStrippedSize(type='i', bytes=b'\x01\x14(u\xbd\xaa4jX\x03\x90\x0fA\xdf\xa7o\xadJ\xd6\xea\x14\xed\x18\xc0\xc8\xe0`\xf1T\x95\xd0F\xa4\xce\xeaq\xdb\xff\x00\xd7J$Rpn_\x1fZ\x9b\x1b\xdd\xf7\x1e-\xe7?\xc1\xfa\x8ah\x8d\xbc\xd8\xd2@p\xde\x87\xadG,\xa5W1\xdc1\xf5\x04\xd3\x98\xec\x10\xc9,\xac\xccp\xc0z\n\\\xa3sv#/\xb2wA\x9d\xbdFNh\xa2\xf2,L\x1d\x0eC\x9e\xf4Qd\xc4\xa6\xd6\x84^s*\x81\xb5\x0e\x07t\x06\x9a\xd2o#*\xbf\x80\xc7\xf2\xa2\x8a\xb1\x08\xdfJ\x9fP\x18\x16\xe3\xb0J(\xa4)lEg\xcd\xe4y\xe7\x93\xfc\xa8\xa2\x8a\x191\xd8'), PhotoSize(type='m', w=320, h=160, size=17808), PhotoSize(type='x', w=800, h=400, size=66755), PhotoSize(type='y', w=1280, h=640, size=126094), PhotoSizeProgressive(type='w', w=2560, h=1280, sizes=[33721, 71868, 100666, 135517, 214553])], dc_id=2, has_stickers=False, video_sizes=[]), ttl_seconds=None)",8273.0,39.0,False,"MessageReactions(results=[ReactionCount(reaction=ReactionEmoji(emoticon='👎'), count=47, chosen_order=None), ReactionCount(reaction=ReactionEmoji(emoticon='🔥'), count=13, chosen_order=None), ReactionCount(reaction=ReactionEmoji(emoticon='❤'), count=9, chosen_order=None), ReactionCount(reaction=ReactionEmoji(emoticon='👍'), count=2, chosen_order=None)], min=False, can_see_list=False, reactions_as_tags=False, recent_reactions=[], top_reactors=[])",62.0
2675,2026-02-20 11:45:46+00:00,,"MessageMediaPhoto(spoiler=False, photo=Photo(id=5244640675058357808, access_hash=4369022325360508690, file_reference=b'\x02VST\xae\x00\x00\nsi\xc2w/\xeb\xbc\xe5GI\xe4\xa2w\xf0\x93\xe3\xfe:\x7f\xa1j', date=datetime.datetime(2026, 2, 20, 11, 43, 27, tzinfo=datetime.timezone.utc), sizes=[PhotoStrippedSize(type='i', bytes=b'\x01((T0\x85\x1b\xd0\x93J\x1a\x0c\x9c\xc6q\xdb\x06\x9a\xad\x85\xc6\xf2?\n3\xdfy\xfc\xab\x0b\x9d\xd6\x1d\x9bl\x0f\x95\xb3\xdc\n\xaei\xf8^y?\x952\x90\xd2\xb0\x94R\xd1@\xc9\xc1\xc2\x8c;\x03\xe9\x8aB\xed\x8e\x19\xb3H\x19\x80\xc0b\x05!f=I\xa2\xe2\xb0\x85\x9b\x9eO4\xdaS\xcd%\x03\x12\x8aZ(\x19&)1\xefE\x14\x801\xefI\x8fz(\xa0\x044QE\x00\x7f'), PhotoSize(type='m', w=320, h=320, size=15829), PhotoSize(type='x', w=800, h=800, size=57353), PhotoSize(type='y', w=1280, h=1280, size=105563), PhotoSizeProgressive(type='w', w=2560, h=2560, sizes=[34529, 63228, 87604, 109025, 177374])], dc_id=2, has_stickers=False, video_sizes=[]), ttl_seconds=None)",10919.0,20.0,False,,
2674,2026-02-20 11:45:46+00:00,,"MessageMediaPhoto(spoiler=False, photo=Photo(id=5244640675058357807, access_hash=7253923605777999439, file_reference=b'\x02VST\xae\x00\x00\nri\xc2w/V-\xbb\x9c\t7\xdel\x9d)dv\xe2\xc2R\\', date=datetime.datetime(2026, 2, 20, 11, 43, 26, tzinfo=datetime.timezone.utc), sizes=[PhotoStrippedSize(type='i', bytes=b'\x01((\x91\x0c!\x06\xe4%\xbb\xd2\x93\x06\xde\x10\xee\xff\x00>\xf4\xc5l\x007\x91\xf8Q\x91\x9f\xbe\x7f*\xe7\xb9\xdba\xdb\xa0\xc7\xdc9\xfa\xd4rl-\xf2\x02\x07\xbd.\x17\xfb\xff\x00\xa54\x85\xec\xc4\xfe\x14\r+\r\xa2\x94\x81\x9e\x0eh\xa4Y*\x16\n0?Zv_\x8c\x0f\xd6\x98\xa4c\xa8\x1e\xc5h\xeb\xfcK\xff\x00|\xd33\xb0>\xf29\xe9\xf5\xa8\xf1R\x10\t\xe5\xc7\xe4i\xb8\x1c\xfc\xdf\xfdzE!\xb4R\xd1AB\xd1\xf8\xd1E \x0f\xc6\x8f\xc6\x8a(\x01(\xa2\x8a\x00'), PhotoSize(type='m', w=320, h=320, size=20859), PhotoSize(type='x', w=800, h=800, size=77029), PhotoSize(type='y', w=1280, h=1280, size=141945), PhotoSizeProgressive(type='w', w=2560, h=2560, sizes=[39609, 81686, 116825, 146894, 236326])], dc_id=2, has_stickers=False, video_sizes=[]), ttl_seconds=None)",11593.0,21.0,False,,
2673,2026-02-20 11:45:46+00:00,,"MessageMediaPhoto(spoiler=False, photo=Photo(id=5244640675058357806, access_hash=8413774957572311651, file_reference=b'\x02VST\xae\x00\x00\nqi\xc2w/\x03\xa2\xe4\xa1t?\xceu\xa2I\xd6>kP-\xff', date=datetime.datetime(2026, 2, 20, 11, 43, 25, tzinfo=datetime.timezone.utc), sizes=[PhotoStrippedSize(type='i', bytes=b""\x01((z\x98B\x8d\xcaKw\xa7\x96\xb7\xec\x87\xfc\xfe5\x1a\xb6\x17\xef\x11\xed\x8a\\\x82~\xff\x00\xe9\\\xf7;Z\x1c\x1a\x0cr\x874\xd9L$~\xec\x10}\xe9\xa7\x04\xf5'\xdf\x14\xda.5\x10\xa2\x8a*K%B\xdbzd\x7f\xbdJY\xbf\xbb\xff\x00\x8fTA\x869\\\xfe4\xbb\x97\xfb\x9f\xa9\xaa\xb9\x16$;\x88\xc1\\\xff\x00\xc0\xa9\x85\x08\x04\x95\x18\xfa\xd2n_\xee~\xb4\x99\x1c\xfc\xb4\x81  \x81E%\x14\x8b\x16\x8f\xc6\x8a(\x00\xfch\xfch\xa2\x80\x12\x8a(\xa0\x0f""), PhotoSize(type='m', w=320, h=320, size=20732), PhotoSize(type='x', w=800, h=800, size=77527), PhotoSize(type='y', w=1280, h=1280, size=141001), PhotoSizeProgressive(type='w', w=2560, h=2560, sizes=[38803, 82240, 118767, 149631, 240495])], dc_id=2, has_stickers=False, video_sizes=[]), ttl_seconds=None)",10661.0,20.0,False,,
2672,2026-02-20 11:45:46+00:00,,"MessageMediaPhoto(spoiler=False, photo=Photo(id=5244640675058357805, access_hash=-3646373204443074355, file_reference=b'\x02VST\xae\x00\x00\npi\xc2w/\xfc\xc6\xd4@\x96\xe9\xce)\xd0\x97\xd1\xd6\xb7\xba\x9d\xce', date=datetime.datetime(2026, 2, 20, 11, 43, 24, tzinfo=datetime.timezone.utc), sizes=[PhotoStrippedSize(type='i', bytes=b""\x01((D0l\x01\xd0\xee\xc7QN\xddjO\xfa\xb6\x14\xd4\x0cPa\x88\x1fJ\x19>^\\\xed\xfaV'k@\r\xaeFT\xe0\x0f~i\x93\x1br\x87\xcbF\r\xefH\xd1\xaa\xf5\x7f\xd2\x98\xc1GC\x9f\xc2\x8b\x82Df\x8aZ(,\xb2\xa9\x95\xce\xc0}\xf7Ryd\x8cm\x19\xfa\xd2\xae\xcd\xa3;s\xef\x9a\x0f\x96;)\xfc\xe9\x123\xca\x7fO\xd6\x9aP\xf3\xed\xefR\x12\x80\xf0\x80\xfb\xe4\xd3\x18\x83\xd1q\xf8\xd0=H\xcd\x14\xa6\x8a\x06K\x8aL{\xd1E!\x89\x8fz1\xefE\x14\x08B(\xa2\x8a`\x7f""), PhotoSize(type='m', w=320, h=320, size=21344), PhotoSize(type='x', w=800, h=800, size=80752), PhotoSize(type='y', w=1280, h=1280, size=149138), PhotoSizeProgressive(type='w', w=2560, h=2560, sizes=[41290, 83242, 120253, 151698, 238877])], dc_id=2, has_stickers=False, video_sizes=[]), ttl_seconds=None)",9936.0,21.0,False,,
2671,2026-02-20 11:45:46+00:00,,"MessageMediaPhoto(spoiler=False, photo=Photo(id=5244640675058357804, access_hash=-8666344640038048426, file_reference=b'\x02VST\xae\x00\x00\noi\xc2w/\x8f\xb4\x19\xb2\xfbM\x9c\x9b\x19\x9f\x86\x01<&G\x1f', date=datetime.datetime(2026, 2, 20, 11, 43, 23, tzinfo=datetime.timezone.utc), sizes=[PhotoStrippedSize(type='i', bytes=b'\x01((z\x18\x02\x00\xe8\xc5\xbdE6C\t_\x91X6\x7fJE /\xdf#\xf0\xa3\xe5\xc6<\xc3\xf9W9\xddmH\xa9)\xf8^y>\xdcSh(m\x14\xb4P\x04\xeap\xbfy\x87\xb0\x14\xbb\xbb\t\x1b\x1fJhf\x03\x01\x88\xa4,\xd9\xce\xe3\xf9\xd1qX\x0e\xdf\xef\xb7=x\xa6\x90\xb9\xe0\x93\xf8QI@\xec!\xc6x\xe9E\x14P2J1\xefE\x14\x80L{\xd2c\xde\x8a(\x01\x08\xa2\x8a(\x03'), PhotoSize(type='m', w=320, h=320, size=15245), PhotoSize(type='x', w=800, h=800, size=56522), PhotoSize(type='y', w=1280, h=1280, size=107256), PhotoSizeProgressive(type='w', w=2560, h=2560, sizes=[34283, 63336, 88023, 109571, 178524])], dc_id=2, has_stickers=False, video_sizes=[]), ttl_seconds=None)",9843.0,20.0,False,,
2670,2026-02-20 11:45:46+00:00,,"MessageMediaPhoto(spoiler=False, photo=Photo(id=5244640675058357803, access_hash=-7891617090329688396, file_reference=b'\x02VST\xae\x00\x00\nni\xc2w/\xb5\xc6\x14}\xc5*\xea\xe7v1C]x\xcc\xdbm', date=datetime.datetime(2026, 2, 20, 11, 43, 23, tzinfo=datetime.timezone.utc), sizes=[PhotoStrippedSize(type='i', bytes=b'\x01((\x91\x0c!\x06\xe5%\xbb\xe2\x94\x187\x1c\xa9\xc6i\x8a\xd8_\xbeG\xb6)w\x7f\xd3C\xf9W9\xdbas\x00\'\xe4\'\xd2\x82`!\xb0\x84\x1cqM\xde\x7f\xbc\x7f*iv8\xe7\xa5\x17\x1f(\xca)I\'\xad\x14\x8b&B\xc1F\x07\xfe=@/\x9e\x9f\xf8\xf5F\x18\x01\xca\xe7\xf1\xa5\xdc\xbf\xdc\xfdi\xdc\x8b\x0b\xb9\xfa\xe4\xfet\x9ec\x7fx\xd2ds\xc5%""\xac\x14QE!\x8bG\xe3E\x14\x00~4~4Q@\tE\x14P\x07'), PhotoSize(type='m', w=320, h=320, size=20478), PhotoSize(type='x', w=800, h=800, size=76021), PhotoSize(type='y', w=1280, h=1280, size=137963), PhotoSizeProgressive(type='w', w=2560, h=2560, sizes=[38895, 80392, 115216, 144789, 232772])], dc_id=2, has_stickers=False, video_sizes=[]), ttl_seconds=None)",9757.0,21.0,False,,
2669,2026-02-20 11:45:46+00:00,,"MessageMediaPhoto(spoiler=False, photo=Photo(id=5244640675058357802, access_hash=-8319756419145215603, file_reference=b'\x02VST\xae\x00\x00\nmi\xc2w/L\t\xb0<\xeb\x99 \x8d\xd9\xe0\xb8\r\xde\x8e\xbe}', date=datetime.datetime(2026, 2, 20, 11, 43, 22, tzinfo=datetime.timezone.utc), sizes=[PhotoStrippedSize(type='i', bytes=b""\x01(([x#x\x01h\x8b1\x07\x07=y\xfa\xd2K\x04[N\xc8\xca\x93\xd3'\xa7?_\xf3\x9a\x81~\xe8\xcb\xb8\xfa\x0e(f9\x18\x92B++\x9d\x9c\xae\xfb\x96\x1a\x08Tn\xf2\x1b\x00d\xfc\xde\xdf_\xa5P}\xbb\xce\xcc\xed\xcf\x19\xebO,\xf9\xc0f\xe7\x8cTdP8\xab\x05\x14QAE\xa5$(\xc3H>\x9d(\xdcs\xf7\xe6\xcf\xf9\xf7\xa4\x0c\x02\xe3.>\x86\x90\xb0<\xee|\xd2\x15\x84b\xa4\xfc\xcf&}\xea3\xb3q\xe5\x88\xfdi\xcd\x82;\xee\xf7\xa6\x1a\x07a\xb4R\x9a)\x81>=\xe9\xb8\xf7\xa2\x8a\x91\x88G\xbd&=\xe8\xa2\x80\x1aE\x14QLG""), PhotoSize(type='m', w=320, h=320, size=21496), PhotoSize(type='x', w=800, h=800, size=77293), PhotoSize(type='y', w=1280, h=1280, size=141342), PhotoSizeProgressive(type='w', w=2560, h=2560, sizes=[40056, 79073, 114450, 145001, 226539])], dc_id=2, has_stickers=False, video_sizes=[]), ttl_seconds=None)",9660.0,20.0,False,,
2668,2026-02-20 11:45:46+00:00,,"MessageMediaPhoto(spoiler=False, photo=Photo(id=5244640675058357801, access_hash=-4609268431105189515, file_reference=b'\x02VST\xae\x00\x00\nli\xc2w/\x1c^\\^l\x1a\xc8\x0e\n\xd9\x02\x00)\x192\x19', date=datetime.datetime(2026, 2, 20, 11, 43, 20, tzinfo=datetime.timezone.utc), sizes=[PhotoStrippedSize(type='i', bytes=b""\x01((|1\xc6\xc8\xbb\xa2f'\xdf\xaf?Z{\xc5\n\x02\xcd\x0b\xe3\xeb\xff\x00\xd7\xaa\xeap\xa3\xe6q\xf4\xa0\x90z\xc9&>\x9f\xfdz\xc6\xe7c\x8b\xbe\xe3\xf7\xda\xe3\x98\x9b\xa7\\\xf7\xaa\xf2\xec2\x13\x18!{\x03K\x81\x9f\xe2\xc7\xd2\x9aE+\x96\x95\x86QN \x8e\xa2\x8a\x06XS\x85\x1f4\x83\xe9\xd2\x82\xcd\xfc/!4/\xdd\xfb\xc4\x7f\xc0\x80\xa0\xe3?}\xbf1A#Y\x9f\xf8ZO\xc4\xd3Is\xc1,}\xa9\xe5\x80\xfe7\xfc\xe9\xacA\xe8X\x9fz\x01\x11\xb1=\t<z\xd1A\xe6\x8a\n$\xc5&=\xe8\xa2\xa4a\x8fzL{\xd1E1\x08h\xa2\x8a\x00""), PhotoSize(type='m', w=320, h=320, size=24037), PhotoSize(type='x', w=800, h=800, size=87340), PhotoSize(type='y', w=1280, h=1280, size=161073), PhotoSizeProgressive(type='w', w=2560, h=2560, sizes=[43338, 89978, 131223, 166467, 261124])], dc_id=2, has_stickers=False, video_sizes=[]), ttl_seconds=None)",9476.0,20.0,False,,
2667,2026-02-20 11:45:46+00:00,"Что популярно на февральской распродаже

Изучили статистику прошлого года и подготовили шпаргалку с категориями, на которые стоит сделать акцент — добавить в Бестселлеры, доработать карточки, активнее продвигать.

🔎 А персональную подсказку даст Маркет AI — спросите в чате с ассистентом, какие ваши товары продавались лучше всего в прошлый сезон распродаж.

Запрос можно сформулировать так:

Расскажи, какие товары из моего ассортимента лучше всего продавались в период с [дата] по [дата]

▶️ Выбирайте подходящие товары и вступайте в Бестселлеры

#продвижение","MessageMediaPhoto(spoiler=False, photo=Photo(id=5244640675058357800, access_hash=-2263908434611351847, file_reference=b'\x02VST\xae\x00\x00\nki\xc2w/#\x95n5\x12<<3\x85\x95\x8d\xe0!\x9c\xbfB', date=datetime.datetime(2026, 2, 20, 11, 43, 20, tzinfo=datetime.timezone.utc), sizes=[PhotoStrippedSize(type='i', bytes=b""\x01((r\x18v\x80\xeas\xea)\xd9\xb6'\xee\xb0\xa4B\xc1\x06\x14\xe3\xebA.z)\xcf\xd6\xb0;Z\r\xd6\xf9\x19B}}\xe97[\xe0\xfc\x87\xa7\xf9\xefHY\xf2q\xc6:\xf3L2?\xad\x17\x0eQ\xb2m\xdcvgol\xd1HI''\xad\x14\x8bZ\x13*\xe4}\xcc\xfb\xe6\x97o\xfd3\x1f\xf7\xd5\x0b\x8c}\xe0>\xabHq\x8co\\}($\n\x13\xd1\x00\xff\x00\x81S]\x08\xe7n\x07\xd6\x82\x06~\xf0\xc54\xf5\xf5\xa0ch\xa5\xa2\x91D\x94\x98\xf7\xa2\x8a@\x18\xf7\xa4\xc7\xbd\x14S\x01\r\x14Q@\x1f""), PhotoSize(type='m', w=320, h=320, size=22997), PhotoSize(type='x', w=800, h=800, size=86485), PhotoSize(type='y', w=1280, h=1280, size=159662), PhotoSizeProgressive(type='w', w=2560, h=2560, sizes=[42690, 89545, 129564, 163519, 260840])], dc_id=2, has_stickers=False, video_sizes=[]), ttl_seconds=None)",9565.0,22.0,False,"MessageReactions(results=[ReactionCount(reaction=ReactionEmoji(emoticon='👎'), count=42, chosen_order=None), ReactionCount(reaction=ReactionEmoji(emoticon='❤'), count=14, chosen_order=None), ReactionCount(reaction=ReactionEmoji(emoticon='👍'), count=13, chosen_order=None), ReactionCount(reaction=ReactionEmoji(emoticon='🔥'), count=3, chosen_order=None)], min=False, can_see_list=False, reactions_as_tags=False, recent_reactions=[], top_reactors=[])",38.0
2666,2026-02-19 14:45:53+00:00,,"MessageMediaPhoto(spoiler=False, photo=Photo(id=5242750575915504127, access_hash=6935628091406389126, file_reference=b'\x02VST\xae\x00\x00\nji\xc2w/3\xbet\xf8IF;\xe5\x08\x80\xa4\xa1k\x83Xl', date=datetime.datetime(2026, 2, 19, 14, 35, 9, tzinfo=datetime.timezone.utc), sizes=[PhotoStrippedSize(type='i', bytes=b""\x01( p)\x81\x98\x81\xf5;\xba\xd0Z#\xff\x00,1\xff\x00\x02\xa4\xe7\x1c\x03Hs\xe8k\x04\xce\xd6\x88fUc\x94M\xa3\x1e\xb5]\x86\rZf\xe0\xf2\x7f:\x81\x85;\x94\x8b\xa0\x0ct\xff\x00?\x9d!Q\xe9\xfe\x7f:M\xc7\x14\x16>\xa6\xa2\xe1f!Q\xe9\xfe\x7f:\x86E\xe7\x8e\x95)'\xd4\xd4f\x9d\xc7bZ(\xa2\xa4`i\x84QE0?""), PhotoSize(type='m', w=256, h=320, size=21336), PhotoSize(type='x', w=640, h=800, size=84638), PhotoSizeProgressive(type='y', w=1024, h=1280, sizes=[11496, 29457, 47110, 61830, 99192])], dc_id=2, has_stickers=False, video_sizes=[]), ttl_seconds=None)",8627.0,11.0,False,,
2665,2026-02-19 14:45:53+00:00,,"MessageMediaPhoto(spoiler=False, photo=Photo(id=5242750575915504126, access_hash=-4803054562214058417, file_reference=b'\x02VST\xae\x00\x00\nii\xc2w/\xb6\xbf\xb1\xf0\xf1FW\xe2\x80q\x85\x06\x92\xbf\x17\x07', date=datetime.datetime(2026, 2, 19, 14, 35, 8, tzinfo=datetime.timezone.utc), sizes=[PhotoStrippedSize(type='i', bytes=b'\x01( p(\x00\xccy\xe3\xd6\x91\x8cg\x1f\xb9\xff\x00\xc7\xa9\x7f\x87\xbd4\x9fZ\xc13\xb6\xc3KD\xa3\x983\xcf\xf7\xaa\xbc\xcc\x8c\xe0\xc6\x9b\x06:g59n:\xff\x00\x9f\xce\xab\xba\xd3\xb8\xd2.\x81\xc7zF\\\x8e\x86\x81\xd3\x91\x9f\xc6\x823\xd0\x0f\xce\xa4cJ\x0fCP8\xa9\xca\x9fj\x8d\x94\x8fO\xce\x81\x92\xee>\xb4n>\xa6\x8a)\\v\x10\xe4\xf5\xa6\x11E\x14\x01'), PhotoSize(type='m', w=256, h=320, size=27614), PhotoSize(type='x', w=640, h=800, size=107596), PhotoSizeProgressive(type='y', w=1024, h=1280, sizes=[13181, 36603, 59607, 78912, 127079])], dc_id=2, has_stickers=False, video_sizes=[]), ttl_seconds=None)",9430.0,11.0,False,,
2664,2026-02-19 14:45:52+00:00,,"MessageMediaPhoto(spoiler=False, photo=Photo(id=5242750575915504125, access_hash=-3109144582826003503, file_reference=b'\x02VST\xae\x00\x00\nhi\xc2w/\x01\x85oB\x9c\x87B\xf8\xaf\xe16K\x1f\x7ff\x87', date=datetime.datetime(2026, 2, 19, 14, 35, 7, tzinfo=datetime.timezone.utc), sizes=[PhotoStrippedSize(type='i', bytes=b""\x01( vSh\xfd\xd8\xcf\xaeh-\x16?\xd4\x0f\xfb\xea\x93\r\xb7\x8f\xebM!\xf1\xd6\xb0\xb9\xdda\x93\x04e\xc2D\x14\xe7\xae\xea\xaa\xc3\x06\xac\x92\x7f\xbfQ8\xef\x90i\xdc\x12\xb1lm\xc5!\x0b\xe9IEAV\x1a\xdb}*'\xe7\xb6*R)\x84S\xb8X\x96\x8a(\xa9\x18\x1aa\x14QL\x0f""), PhotoSize(type='m', w=256, h=320, size=17028), PhotoSize(type='x', w=640, h=800, size=69693), PhotoSizeProgressive(type='y', w=1024, h=1280, sizes=[10355, 24487, 38594, 50580, 81064])], dc_id=2, has_stickers=False, video_sizes=[]), ttl_seconds=None)",8931.0,11.0,False,,
2663,2026-02-19 14:45:52+00:00,,"MessageMediaPhoto(spoiler=False, photo=Photo(id=5242750575915504124, access_hash=-7449186364487017594, file_reference=b'\x02VST\xae\x00\x00\ngi\xc2w/\xae-\xaa(\xd9\xf4\xa0\xa4\xa8_\x9azt\xbc\xdf\x02', date=datetime.datetime(2026, 2, 19, 14, 35, 7, tzinfo=datetime.timezone.utc), sizes=[PhotoStrippedSize(type='i', bytes=b""\x01( vSh\xfd\xd8'\xd74\x99\x8f\xfex\x83\xf8\xd2|\xb8\xa4;k\x9d3\xba\xc3&P\xc0l\x8c)\xef\xcdUa\x83V\x88J\x85\xc2\xf6\x06\xa8h\xba:R\x1c\xfb\xd3rh$\xd4\\,\x04\xfd\x7f\xcf\xe3P\xc9\xc9\xeaM<\xd3\x08\xa7q\xd8\x96\x8a(\xa9\x18\x1aa\x14QL\x0f""), PhotoSize(type='m', w=256, h=320, size=23274), PhotoSize(type='x', w=640, h=800, size=92979), PhotoSizeProgressive(type='y', w=1024, h=1280, sizes=[11855, 31613, 51494, 68112, 109221])], dc_id=2, has_stickers=False, video_sizes=[]), ttl_seconds=None)",7353.0,11.0,False,,
2662,2026-02-19 14:45:52+00:00,"Ваши товары заслуживают особенного внимания

Праздники всё ближе. 18–20 февраля идёт февральская распродажа — это пик волны Бестселлеров, которая уже началась.

Ожидаем высокий спрос на подарки! За ними покупатели придут в раздел распродаж — мы уже рассказываем о нём в самых разных каналах:

🔹 В экосистеме Яндекса — на цифровых коробах и видеопланшетах в такси, в баннерах и пушах

🔹 На билбордах, медифасадах и в метро

🔹 В видеороликах и баннерах в интернете

Чтобы и ваши товары оказались в разделе «Распродажа» и сердечках покупателей, вступайте в Бестселлеры. А ещё попробуйте дополнительные инструменты продвижения — для усиления эффекта.

Самое важное о продвижении на Маркете — в карточках, подробнее — в Справке.

➡️ Участвовать в Бестселлерах

#продвижение","MessageMediaPhoto(spoiler=False, photo=Photo(id=5242750575915504123, access_hash=-3224787844689089930, file_reference=b'\x02VST\xae\x00\x00\nfi\xc2w/\x99Si\xc6\x87""\x822\xa8Y;ae\x15""\xc0', date=datetime.datetime(2026, 2, 19, 14, 35, 7, tzinfo=datetime.timezone.utc), sizes=[PhotoStrippedSize(type='i', bytes=b'\x01( \x9e8\xd1\xa3\x07fx\xfdiL(\xa87D8\x1f1\xcd,C\xe4\x1f(\xe8\x0esNo\x95K\x18\xc1\x18\xe7\x9e\xd5\x92:\x1bw*<\x96\xdbH\x11\x12\xd8\xe0\xe3\xbdC<\x96\xec\xac#\x8c\xa9\xe3\x1f\xd6\xa6\x95\xd1\xa3!c\x03=\x0e*\xa3\xae(\xb9\xaa\x89}f\x01@\xd82;\xd4\xd1\xba\xcb\x9f\xdd\x8e\x05T\xfcj\xd4\t\x85\xdd\x9e\xb51m\x8ai$8\xa2\x18\x88\xd8\x14\x9e\xf5Vk|\x9c\x8e\x98\xab\x8fQL\xc5b8\x15n$\xc5\xb5\xb1\x06\xc0\x17;\x86})c\x91\x94\xe0\x1e(\xa2\xb2\xbd\x9e\x86\xbb\xadI\xcc\xaa:\x9a\x8eI\xd7\x1c\x0c\xd1Eh\xe4\xc9PG'), PhotoSize(type='m', w=256, h=320, size=21258), PhotoSize(type='x', w=640, h=800, size=73141), PhotoSizeProgressive(type='y', w=1024, h=1280, sizes=[15830, 31730, 44236, 57128, 92074])], dc_id=2, has_stickers=False, video_sizes=[]), ttl_seconds=None)",7270.0,14.0,False,"MessageReactions(results=[ReactionCount(reaction=ReactionEmoji(emoticon='👎'), count=43, chosen_order=None), ReactionCount(reaction=ReactionEmoji(emoticon='❤'), count=20, chosen_order=None), ReactionCount(reaction=ReactionEmoji(emoticon='👍'), count=5, chosen_order=None), ReactionCount(reaction=ReactionEmoji(emoticon='🔥'), count=4, chosen_order=None)], min=False, can_see_list=False, reactions_as_tags=False, recent_reactions=[], top_reactors=[])",12.0
2661,2026-02-18 06:58:55+00:00,"Заберём заказ с вашего склада и отвезём в ПВЗ

Начинаем доставлять Экспресс-заказы в ПВЗ Маркета. Курьер приедет на ваш склад и заберёт заказ, а затем отвезёт его в ПВЗ — так покупатель сможет получить товары в удобное ему время.

Способ доставки покупателю не влияет на вашу работу с Экспресс-заказами

🔹 Передавайте заказы курьеру.

🔹 Забирайте возвраты и невыкупы указанным в настройках способом — доставкой на склад или из выбранного ПВЗ.

🔹 Тарифы на услуги по модели Экспресс одинаковы для курьерской доставки и доставки в ПВЗ.

Сроки хранения товаров и подачи претензий

🔸 Заказ, доставленный в ПВЗ, может храниться до 14 дней. Если в течение этого срока его не забрали, он становится невыкупом.

🔸 Срок подачи претензий за утрату невыкупов и возвратов из ПВЗ увеличится до 3 месяцев.

🔗 Подробнее о работе с заказами по модели Экспресс — в Справке.

Внедряем новый способ доставки Экспресс-заказов постепенно. Скоро он будет доступен всем продавцам.

#логистика","MessageMediaPhoto(spoiler=False, photo=Photo(id=5235435220113232997, access_hash=8396998684743254392, file_reference=b'\x02VST\xae\x00\x00\nei\xc2w/Pv\x04\xf0\x8fH\n$\xf3\xdd;!\x07\xd9}\xd3', date=datetime.datetime(2026, 2, 17, 12, 23, 39, tzinfo=datetime.timezone.utc), sizes=[PhotoStrippedSize(type='i', bytes=b'\x01\x14(Gf\x0eF\xec\x0f\xa5&\xe7\xc1\xf9\xfa{T\x8d\x18c\xc9?\x9d>\xb0\xb9\xd9b5\x90\x1c\x03\x9c\xfa\xe2\x9f\x9fJ\x86\xe2FR\xa1:\xf54\xf8\x8b\x14\xf9\xc6\x08\xef\xebE\xba\x85\xf5\xb1%\x14QH\xa1\xbbFs\xefN\xa2\x8a\x04\x84\xd87o\xc7=3KE\x14\x00QE\x14\x0c'), PhotoSize(type='m', w=320, h=160, size=10335), PhotoSize(type='x', w=800, h=400, size=36695), PhotoSizeProgressive(type='y', w=1280, h=640, sizes=[6195, 14151, 21125, 27731, 47025])], dc_id=2, has_stickers=False, video_sizes=[]), ttl_seconds=None)",8408.0,76.0,False,"MessageReactions(results=[ReactionCount(reaction=ReactionEmoji(emoticon='👎'), count=41, chosen_order=None), ReactionCount(reaction=ReactionEmoji(emoticon='❤'), count=12, chosen_order=None), ReactionCount(reaction=ReactionEmoji(emoticon='👍'), count=9, chosen_order=None), ReactionCount(reaction=ReactionEmoji(emoticon='🔥'), count=5, chosen_order=None)], min=False, can_see_list=False, reactions_as_tags=False, recent_reactions=[], top_reactors=[])",40.0
2660,2026-02-17 14:00:01+00:00,,"MessageMediaPhoto(spoiler=False, photo=Photo(id=5233509588705940111, access_hash=4579598884078392294, file_reference=b'\x02VST\xae\x00\x00\ndi\xc2w/\xb4\xdb\x8d\x80\xc6\x90\xb6\xe8\xaa\xb0\x1b\xae\xdd\xea\xb3C', date=datetime.datetime(2026, 2, 16, 12, 52, 33, tzinfo=datetime.timezone.utc), sizes=[PhotoStrippedSize(type='i', bytes=b'\x01((\x82\xda8^5\xde\xaa[=\xdc\x8aV\xb7\x84\xb9\xc1\x8c\x0fM\xe6\xabG\xe6c\xe4\xcf\xe1O\xcd\xce:7\xe5F\xa3V\x1f%\xb2n\x1be\x89A\xff\x00h\xd3\x05\xb8#>|_\xf7\xd51\xfc\xc6\xc0|\xf1\xebL\xda}(\x06+\xae\xc7#plw\x1d(\xa4 \x8e\xb4S\x11,$\xe0\xe1sR\x12H\xff\x00V?1QF2>\xe6\xeav\xc3\xff\x00<O\xe7@\x08\xc7\xb6\xdc\x1f\xad4\x9e)\xd9\x1f\xdc\xfdi\x87\xe9@\x0b6r7c>\xd4RH0G\xcb\xb7\x8a(\x01\xb94d\xfa\xd1E\x00\x19>\xb4d\xfa\xd1E\x00;h1\x96.2\x0e6\xf7\xa2\x8a)\x0c'), PhotoSize(type='m', w=320, h=320, size=18387), PhotoSize(type='x', w=800, h=800, size=65778), PhotoSizeProgressive(type='y', w=1280, h=1280, sizes=[10753, 24179, 39300, 54456, 83731])], dc_id=2, has_stickers=False, video_sizes=[]), ttl_seconds=None)",7238.0,21.0,False,,
2659,2026-02-17 14:00:01+00:00,,"MessageMediaPhoto(spoiler=False, photo=Photo(id=5233509588705940110, access_hash=-7218115604724988614, file_reference=b'\x02VST\xae\x00\x00\nci\xc2w/\x01)^\xb9\xd9p\x9a\x8f\xccW\xcf\xe2,.YV', date=datetime.datetime(2026, 2, 16, 12, 52, 29, tzinfo=datetime.timezone.utc), sizes=[PhotoStrippedSize(type='i', bytes=b'\x01((\xafl\x904`\xc9\xe5\xe7?\xc5!\x14\xa6(\x0b\xf0\xd1\x85=>s\xc5S\xa0\x8cP\x05\x96HC\x11\xf2c\xd9\xcd5\xd23\x8d\xa5\x17\xdfvj""\x8c\x06pq\xebM\xa5b\xb9\xbc\x87\x94\xc2\x93\xbdN;f\x8ae\x14\xc5tKn\xa1\xe6U=*\xd5\xc4(!f\x19\xc8\xf7\xaa\xd6\x9f\xf1\xf0\xbf\xe7\xb5\\\xba\xff\x00\x8fv\xa8\x93\xf7\x8d`\x93\x8b)v\xc6x\xa5B\xc1F\x0f\xf3\xa2\x84\xfb\xa2\xb41""a\x864R\xbf\xdf4P\x00\x8ecm\xcb\xd4S\xda\xe2GR\xac\xc0\x83\xedE\x14Y6>f\xb4\x19\xbc\xfbP\x1c\x81\xda\x8a)\x08\\\x06B\xe5\x809\xe9\xdc\xd1E\x14\x0c'), PhotoSize(type='m', w=320, h=320, size=13792), PhotoSize(type='x', w=800, h=800, size=48866), PhotoSizeProgressive(type='y', w=1280, h=1280, sizes=[9985, 21083, 32775, 42992, 65728])], dc_id=2, has_stickers=False, video_sizes=[]), ttl_seconds=None)",7674.0,21.0,False,,
2658,2026-02-17 14:00:01+00:00,,"MessageMediaPhoto(spoiler=False, photo=Photo(id=5233509588705940109, access_hash=2813662870283833503, file_reference=b'\x02VST\xae\x00\x00\nbi\xc2w/Wg\xb5G\xf0\xa1R]+\x05\t\xe1\xf7\xc8\x9d\xa5', date=datetime.datetime(2026, 2, 16, 12, 52, 25, tzinfo=datetime.timezone.utc), sizes=[PhotoStrippedSize(type='i', bytes=b'\x01((\xa7\x14j\xc8\t\\\x93\xf5\xa9\xd68:49 vc\xc9\xaa\xf1\xdcK\x1a\x05W\xc0\xec0)\xdfi\x9c\x9c\xf9\x87?JC\xb9c\xcb\xb6\x003F\x8b\xc7C!\xe2\xa2v\xb6\x8d\xf1\xe4\x86\xfa95\x03\xcc\xee\xa1\x1d\xc9\x00\xe7\x18\xa6`z\xd3\x10\x94R\x91\x8a(\x00\xec*A\xd3\xaf?_\xfe\xbdG\xe9R\x80Bm\xfe\x86\x80""9\xcf4zR\xb0\xc1\xc5\x03\xa8\xa0\x01\xba\x9a)_\xef5\x14\x00\xdc\xd2\xee t\x1f\x95\x14P\x02f\x8c\xd1E\x03\x1d\x80c-\xb8\x03\x9cm\xa2\x8a(\x03'), PhotoSize(type='m', w=320, h=320, size=22326), PhotoSize(type='x', w=800, h=800, size=83664), PhotoSizeProgressive(type='y', w=1280, h=1280, sizes=[11636, 29310, 52765, 71094, 105378])], dc_id=2, has_stickers=False, video_sizes=[]), ttl_seconds=None)",7338.0,23.0,False,,
2657,2026-02-17 14:00:01+00:00,"🔎 Какие задачи бизнес решает с помощью ИИ

Исследование городских сервисов Яндекса показало, что более 40% предпринимателей в регионах России используют нейросети в работе. Они применяют их для сбора информации и анализа бизнес-процессов, создания контента и аналитики.

Вы можете поручить рутинные задачи Маркету AI — помощнику на основе искусственного интеллекта. Например, сгенерировать описания для карточек, получить ответы на вопросы про аналитику продаж и конкурентную позицию. А ещё — консультацию по актуальным тарифам на размещение.

Переходите по ссылке — и решайте рутинные задачи вашего бизнеса уже сейчас. А подробнее о том, какие задачи предприниматели решают с помощью нейросетей, рассказали в карточках.

#Маркет_AI","MessageMediaPhoto(spoiler=False, photo=Photo(id=5233509588705940108, access_hash=603709719917363636, file_reference=b'\x02VST\xae\x00\x00\nai\xc2w/\xa1-\xfe\xd2y,LW\x1dc{\xd8\xc2\x9eL\x16', date=datetime.datetime(2026, 2, 16, 12, 52, 21, tzinfo=datetime.timezone.utc), sizes=[PhotoStrippedSize(type='i', bytes=b'\x01\x17(\xa5\x1cy@|\xa7nz\x8a\x91""\\\x056\xf2\xee\xc7\xadKj\xf1\x88UZ@=F\xe2*_2\x10\xdc:\xe3\xa0\xc3\x9a\x00\xa54aS""\x19\x13\xdd\x8ej\n\xd0\x9ex\xbc\xb1\xc0q\xbb\xeeo4Z\xacf B\xae\xeeI\xef\x8aM\xd8\xa8\xc7\x99\xd8\xcf\xa2\xac]\xa6\xd9I\xc8\xf9\xb9\xc7\xa5\x14\xd3\xb8\xa4\x9av+\xd1E\x14\xc4\x14\xf4\x95\xd0a\x18\x8c\xf5\xa2\x8a@\x0e\xec\xe7s\x1c\x93E\x14P\r\x9f'), PhotoSize(type='m', w=320, h=180, size=13417), PhotoSize(type='x', w=800, h=450, size=44909), PhotoSizeProgressive(type='y', w=1280, h=720, sizes=[7138, 16465, 27657, 37623, 57579])], dc_id=2, has_stickers=False, video_sizes=[]), ttl_seconds=None)",7016.0,22.0,False,"MessageReactions(results=[ReactionCount(reaction=ReactionEmoji(emoticon='👎'), count=34, chosen_order=None), ReactionCount(reaction=ReactionEmoji(emoticon='❤'), count=17, chosen_order=None), ReactionCount(reaction=ReactionEmoji(emoticon='👍'), count=8, chosen_order=None), ReactionCount(reaction=ReactionEmoji(emoticon='🔥'), count=6, chosen_order=None)], min=False, can_see_list=False, reactions_as_tags=False, recent_reactions=[], top_reactors=[])",11.0
2656,2026-02-17 13:59:54+00:00,,"MessageMediaPoll(poll=Poll(id=5235654795561275671, question=TextWithEntities(text='А\xa0вы\xa0используете нейросети? Если\xa0да\xa0— для\xa0каких задач?', entities=[]), answers=[PollAnswer(text=TextWithEntities(text='Анализирую продажи и\xa0создаю отчёты', entities=[]), option=b'0'), PollAnswer(text=TextWithEntities(text='Создаю контент', entities=[]), option=b'1'), PollAnswer(text=TextWithEntities(text='Изучаю новые темы', entities=[]), option=b'2'), PollAnswer(text=TextWithEntities(text='Ищу нужную информацию', entities=[]), option=b'3'), PollAnswer(text=TextWithEntities(text='Использую для поиска идей и вдохновения', entities=[]), option=b'4'), PollAnswer(text=TextWithEntities(text='Общаюсь\xa0— например, чтобы получить совет или\xa0просто развлечься', entities=[]), option=b'5'), PollAnswer(text=TextWithEntities(text='Нет, не использую', entities=[]), option=b'6'), PollAnswer(text=TextWithEntities(text='Свой вариант\xa0— напишу в\xa0комментариях', entities=[]), option=b'7')], closed=False, public_voters=False, multiple_choice=True, quiz=False, close_period=None, close_date=None), results=PollResults(min=False, results=[], total_voters=400, recent_voters=[], solution=None, solution_entities=[]))",6737.0,4.0,False,"MessageReactions(results=[ReactionCount(reaction=ReactionEmoji(emoticon='👎'), count=36, chosen_order=None), ReactionCount(reaction=ReactionEmoji(emoticon='❤'), count=3, chosen_order=None), ReactionCount(reaction=ReactionEmoji(emoticon='👍'), count=2, chosen_order=None)], min=False, can_see_list=False, reactions_as_tags=False, recent_reactions=[], top_reactors=[])",1.0
2655,2026-02-16 07:10:22+00:00,"📣 Ваши товары на складе Маркета, продажи — на всех площадках

Знаем, что рутина — сбор заказов, организация хранения, проверка остатков — отнимает много времени и сил. Особенно, когда вы работаете с несколькими каналами продаж.

Запускаем сервис «Фулфилмент» и готовы взять на себя хранение, сбор и доставку товаров вашим покупателям — на какой площадке они бы ни сделали заказ.

Так вы сможете фокусироваться на других задачах: наращивании продаж, расширении географии присутствия или тестировании новых площадок.

Пользуйтесь всеми услугами или подключайте отдельные операции:

🟥 Приём и хранение товаров на складах Маркета

🟥 Сбор, упаковка и доставка заказов в ПВЗ Маркета и до двери покупателя

🟥 Подготовка товаров для пополнения складов магазинов и маркетплейсов

🟥 Работа с возвратами заказов, доставленных курьерами или в ПВЗ Маркета

🟥 Интеграция с онлайн-магазинами на базе Яндекс KITβ

🟥 Инвентаризация, обработка брака и утилизация

🟥 Приём и проверка товаров с маркировкой «Честный знак»

Тарифы на все услуги «Фулфилмента» — в оферте.

▶️ Оставьте заявку на подключение

#логистика","MessageMediaPhoto(spoiler=False, photo=Photo(id=5222367760640317877, access_hash=-8235637077424541477, file_reference=b'\x02VST\xae\x00\x00\n_i\xc2w/f\xf4Z\x9c\\\xb1\xf943\xfd\xd6\x99\x7f\xa6s\xdf', date=datetime.datetime(2026, 2, 13, 17, 55, 48, tzinfo=datetime.timezone.utc), sizes=[PhotoStrippedSize(type='i', bytes=b'\x01\x14(\xd1b\xc5\x8e\x0b~\x02\x90\xb3g\xf8\xf9\xf6\xa5db\xc7\xe4\xc8\'\xd6\x80\xac\x08""?~\xb5&\x9a\x12F\xc4\xaf \x82={\xd5yn\x18>\x10\xf0=\xaaI\x96G\x8c`}EU\xda\xc3\xa8\xa5&\xf6*\x11OVX\xb7i\x1c\xe5\x8f\xcbEI\x01]\x98^=\xbd(\xaa\x8e\xc6S\xdf`\x10\xaf\x99\xbf-\x9c\xfa\xd4\xb4QL\x18RQE1\x00@\x0e@\xa2\x8a)\x0c'), PhotoSize(type='m', w=320, h=160, size=14631), PhotoSize(type='x', w=800, h=400, size=51389), PhotoSizeProgressive(type='y', w=1280, h=640, sizes=[8077, 20398, 30551, 39514, 64764])], dc_id=2, has_stickers=False, video_sizes=[]), ttl_seconds=None)",9625.0,162.0,False,"MessageReactions(results=[ReactionCount(reaction=ReactionEmoji(emoticon='👎'), count=60, chosen_order=None), ReactionCount(reaction=ReactionEmoji(emoticon='🔥'), count=18, chosen_order=None), ReactionCount(reaction=ReactionEmoji(emoticon='❤'), count=14, chosen_order=None), ReactionCount(reaction=ReactionEmoji(emoticon='👍'), count=9, chosen_order=None)], min=False, can_see_list=False, reactions_as_tags=False, recent_reactions=[], top_reactors=[])",36.0
2654,2026-02-13 16:00:07+00:00,"🌩 Новое в графике выплат и тарифе на услугу с 1 марта

Переходим на новый график выплат с 1 марта 2026 года. Также снизим тариф на перевод платежей и изменим базу для расчёта услуги. Рассказываем подробно, что изменится и сколько это будет стоить.

Выплаты будут приходить ежедневно или раз в неделю

Оставляем две частоты выплат — деньги за доставленные заказы покупателей будут приходить ежедневно или раз в неделю.

🔹 При графике раз в неделю выплаты будут приходить за заказы, доставленные 1, 2 или 4 недели назад — в зависимости от выбранного тарифа. Это 4-е, 12-е, 20-е и 28-е числа каждого месяца. Если это вторник, четверг или выходной, то в следующий за ним рабочий день.

🔹 Для ежедневных выплат сроки перевода платежей не изменятся — они продолжат приходить через один рабочий день после доставки заказа.

Расчётным периодом считаем неделю — 7 дней, начиная с 1 числа месяца. Так, каждый месяц делится на четыре расчётных периода. Последний период начинается с 22 числа месяца и длится до последнего числа этого месяца.

Новый график заработает с 1 марта

Уже сейчас в личном кабинете вы можете выбрать график, по которому вы хотите получать выплаты в марте. Для этого перейдите в раздел Финансы → Выплаты → Настройка выплат и выберите подходящий график до 28 февраля включительно. Настройка заработает для всех магазинов по выбранному договору с 1 марта.

Если график не обновить, с 1 марта мы автоматически переведём вас на новый график с учётом вашего действующего тарифа. Для тех, кто переходит с графика раз в месяц, раз в 2 недели и раз в неделю выплата придёт 4 марта. Как будет выглядеть переход для каждого графика — в новости.

Снижаем тариф на перевод платежей и меняем базу для расчёта услуги

С 1 марта снижаем процент платы за перевод платежей покупателей — для каждой частоты. Тариф на услугу по-прежнему включает в себя как перевод платежей покупателей, так и эквайринг банков.

🔸 Раз в неделю с отсрочкой на 4 недели: тариф 1,6%

🔸 Раз в неделю с отсрочкой на 2 недели: тариф 2,3%

🔸 Раз в неделю с отсрочкой на 1 неделю: тариф 2,8%

🔸 Ежедневно: тариф 3,3%

Само вознаграждение будет рассчитываться от стоимости товара, которую вы указали в карточке, и уменьшенной на размер скидки, которую вы предоставляете за свой счёт. Например, промокоды для подписчиков магазина. Другие акции и скидки, например, промокоды Маркета или оплата баллами Плюса, не будут уменьшать базу для расчёта вознаграждения.

#договор",,17719.0,754.0,False,"MessageReactions(results=[ReactionCount(reaction=ReactionEmoji(emoticon='👎'), count=153, chosen_order=None), ReactionCount(reaction=ReactionEmoji(emoticon='❤'), count=24, chosen_order=None), ReactionCount(reaction=ReactionEmoji(emoticon='👍'), count=17, chosen_order=None), ReactionCount(reaction=ReactionEmoji(emoticon='🔥'), count=13, chosen_order=None), ReactionCount(reaction=ReactionEmoji(emoticon='😱'), count=8, chosen_order=None), ReactionCount(reaction=ReactionEmoji(emoticon='👏'), count=2, chosen_order=None)], min=False, can_see_list=False, reactions_as_tags=False, recent_reactions=[], top_reactors=[])",158.0
2653,2026-02-13 07:24:57+00:00,,"MessageMediaPhoto(spoiler=False, photo=Photo(id=5222367760640316032, access_hash=3894879682751938236, file_reference=b""\x02VST\xae\x00\x00\n]i\xc2w/\xd8\xe3\xe7\xab\t4(\xf9\xe2'{\x82\x0f\x8d\x1f\x8c"", date=datetime.datetime(2026, 2, 13, 7, 11, 7, tzinfo=datetime.timezone.utc), sizes=[PhotoStrippedSize(type='i', bytes=b""\x01( z\x98\xf6\x8d\xd1d\xfa\xe7\xad&c\xef\x00?\xf0*\x06qHs\xef\xfe\x7f\x1a\xc13\xb5\xa2=\xf0\x80\x03C\x92:\x9c\xd42\xb4l\xa0$A\x18u \xf5\xa9\x9c\x9f\xa5Wu\xa7q\xa4Z\xc9\xa7F\x9ed\xaa\xa4\x90\t\xa6\xd4\x90\x9cL\xa4\xf6\xa8[\x8e[2\xd7\xd8a'\xef\x13\xeb\xcdT\xbd\xb5HUY3\xc9\xc75\xa1\x14\xab \xe0\xf3\xdcdqU\xf5?\xf5i\xf5\xad\xdaV9a'\xcc\xb5*T\x96\xff\x00\xeb\xd3\xebE\x15\x84w:\xa7\xf0\xb2\xf2\t\x062\xe5\x86\x0er\xbc\x9a\xad}\x9f-2\xc4\xfdF(\xa2\xb7\x96\xc7\x1d?\x89\x1f""), PhotoSize(type='m', w=256, h=320, size=22423), PhotoSize(type='x', w=640, h=800, size=88841), PhotoSizeProgressive(type='y', w=1024, h=1280, sizes=[12330, 31340, 51475, 69481, 109634])], dc_id=2, has_stickers=False, video_sizes=[]), ttl_seconds=None)",7873.0,4.0,False,,
2652,2026-02-13 07:24:57+00:00,,"MessageMediaPhoto(spoiler=False, photo=Photo(id=5222367760640316031, access_hash=544184818296175468, file_reference=b'\x02VST\xae\x00\x00\n\\i\xc2w/\x88\x00\x13\xd6}%\xb2\x1a\xcaE\xb4\x84x\xf4\xc3\x9d', date=datetime.datetime(2026, 2, 13, 7, 11, 6, tzinfo=datetime.timezone.utc), sizes=[PhotoStrippedSize(type='i', bytes=b'\x01( \x9dbB\x8aJ\xa9\xc8\xe7-Mu\x8e5%\xa3S\xcfcQ\xed\x04t\xa6\x94\x1f\xdd5\x85\xce\xde_1\xaf$D\x1cC\x8e89\xaa\xf2\x95g\xca.\xc1\xe9\x9a\x9c\xa7\x1c/\xe6\rC""\x11\xdb\x14\xee4\x91o#\x1d)\x0e=\r%\x15\x05\xd8kc\xb05\x13sR\x91L""\x9d\xc4K\x8a1E\x15#\x02)\x84QE0?'), PhotoSize(type='m', w=256, h=320, size=21069), PhotoSize(type='x', w=640, h=800, size=78480), PhotoSizeProgressive(type='y', w=1024, h=1280, sizes=[11544, 28231, 44197, 57855, 92011])], dc_id=2, has_stickers=False, video_sizes=[]), ttl_seconds=None)",8790.0,4.0,False,,
2651,2026-02-13 07:24:56+00:00,,"MessageMediaPhoto(spoiler=False, photo=Photo(id=5222367760640316030, access_hash=-720995302613286037, file_reference=b'\x02VST\xae\x00\x00\n[i\xc2w/\\DS\r]\xa4\x13\x81\x89I\x0f\xeb\xdf\xbe\xffL', date=datetime.datetime(2026, 2, 13, 7, 11, 6, tzinfo=datetime.timezone.utc), sizes=[PhotoStrippedSize(type='i', bytes=b'\x01( \x9a8\xd0\xa8\xca)\xfa\xb5\x06(\xcf\xf0\'?\xed\x1ah\x91\xf6\x00\x00\xc6=\r6Y\x1d\x97k\x05\x19\xf65\x8d\xd1\xd7i\\d\xde\\nA\x85O\x1c`\xf1U\xe7x\xdb\x1e\\[=y\xcei\xe5G\xa8\xa8\x99}\xc1\xa2\xe5\xa8\x97\x00\x18\xe6\x82\xa3\xd3\xfc\xfet\x80\x91\xde\x82I\xebPU\x84*=?\xcf\xe7P7=\xb1R\x91L""\x9d\xc2\xc4\xb4QEH\xc0\xd3\x08\xa2\x8a`\x7f'), PhotoSize(type='m', w=256, h=320, size=18715), PhotoSize(type='x', w=640, h=800, size=73639), PhotoSizeProgressive(type='y', w=1024, h=1280, sizes=[11778, 27476, 42355, 54812, 86194])], dc_id=2, has_stickers=False, video_sizes=[]), ttl_seconds=None)",8686.0,5.0,False,,
2650,2026-02-13 07:24:56+00:00,,"MessageMediaPhoto(spoiler=False, photo=Photo(id=5222367760640316029, access_hash=5628128447527347047, file_reference=b'\x02VST\xae\x00\x00\nZi\xc2w/KA\xb9\x0e-\xa6\x030\x05\xc0\x10/cr\x83\x0c', date=datetime.datetime(2026, 2, 13, 7, 11, 5, tzinfo=datetime.timezone.utc), sizes=[PhotoStrippedSize(type='i', bytes=b'\x01( \x9a8\x90\xaa\xe5\x14\xe7\xfd\xaa\x8eXU\x8f\xc9\xb51\xd7\x9e\xb4\xa2VU\x00\x15\x18\x18\xe9MyY\x90\xa9\xdb\x83\xe8+\x1b\xa3\xb3\x96W+M\x19\x8d\xb6\x92\x0f\xd0\xd4$U\x82\xa3\xd4Tl\xbe\xe2\x84Yp\x1c\x0e\xb4\x84\x9f_\xe7J:\x0e\xb4\x12=j@cs\xd7\x1f\xadB\xe3\x9e*v#\xd6\xa2~O\\\xd0\x08\x92\x8a(\xa9(\r0\x8a(\xa6\x07'), PhotoSize(type='m', w=256, h=320, size=23385), PhotoSize(type='x', w=640, h=800, size=92835), PhotoSizeProgressive(type='y', w=1024, h=1280, sizes=[12653, 32830, 52147, 68528, 109575])], dc_id=2, has_stickers=False, video_sizes=[]), ttl_seconds=None)",8321.0,6.0,False,,
2649,2026-02-13 07:24:56+00:00,"Никто лучше вас не знает, как вашему бизнесу пройти период распродаж

Решили, что не будем делиться советами, а просто сделаем подборку полезных решений Маркета.

Сделать ставку на один инструмент или попробовать комбинацию из нескольких — стратегия на ваше усмотрение.

Изучайте карточки — и решайте!

#продвижение","MessageMediaPhoto(spoiler=False, photo=Photo(id=5222367760640316028, access_hash=-969006228503494913, file_reference=b'\x02VST\xae\x00\x00\nYi\xc2w/V\t\xb4.\xdd\xae\x96\xec\xac\xb3l\x12\xb0\x98JA', date=datetime.datetime(2026, 2, 13, 7, 11, 4, tzinfo=datetime.timezone.utc), sizes=[PhotoStrippedSize(type='i', bytes=b'\x01( \x99#R\x83(3\x8c\xe7\xf3\xa5\xd9\x12\x8d\xcd\x10+\x8c\xff\x00\x9f\xd6\x9a\xb2\x00\x80m9\x1d\xc1\xa7\x19\x95\xbe\xf4|b\xb1M\x1dMH\x83}\xb6\xc1\xba3\xbb\xbf\x1dj\x19\x1e\x12\x8e\x02\x1d\xc7\xee\x9ct\xe6\xa6\x95\xa3h\xd9\x12/\x9b\xfb\xd5Q\x85;\x96\xa2[\xdcGzTS#\x80O\x14\xda\xb3nT/\xbdDU\xd9RvD\xab\x1a\xa8\xc0\x02\xaa\xc9h^C\x8e\x16\xad\x9fjk\xb6\xd5-Z\xb8\xa3\x14\xd9Sh\xdb\x9d\xc3>\x94\x83\xad\x14V&\xe8\x9d\xe6\n\xbf/&\xa2i\x99\xf8==(\xa2\xad\xc9\xb7bTU\xae\x7f'), PhotoSize(type='m', w=256, h=320, size=18898), PhotoSize(type='x', w=640, h=800, size=64164), PhotoSizeProgressive(type='y', w=1024, h=1280, sizes=[14005, 27305, 38502, 49467, 78574])], dc_id=2, has_stickers=False, video_sizes=[]), ttl_seconds=None)",7696.0,6.0,False,"MessageReactions(results=[ReactionCount(reaction=ReactionEmoji(emoticon='👎'), count=41, chosen_order=None), ReactionCount(reaction=ReactionEmoji(emoticon='❤'), count=14, chosen_order=None), ReactionCount(reaction=ReactionEmoji(emoticon='👍'), count=5, chosen_order=None), ReactionCount(reaction=ReactionEmoji(emoticon='🔥'), count=4, chosen_order=None)], min=False, can_see_list=False, reactions_as_tags=False, recent_reactions=[], top_reactors=[])",9.0
2648,2026-02-12 15:14:04+00:00,"Подборки товаров — теперь на витрине магазина

Объединяйте товары в подборки и публикуйте их на витрине магазина. Теперь не нужно создавать подборки для витрины с нуля — вы можете использовать готовые.

Как это работает

🔹 Подборка появится в разделе Товары → Подборки — как и другие, которые вы создавали.

🔹 Покупатели увидят вашу подборку на витрине: в отдельном блоке, по клику на баннер или раздел.

Как создать подборку на витрине

🔸 Добавьте её в разделе Витрина → Конструктор → Блок витрины (баннер/раздел/подборка) → Товары вашей витрины и придумайте название.

🔸 Отберите товары — вручную, по характеристикам или используйте уже готовую подборку. И настройте порядок.

➡️ Добавить подборку

#продвижение","MessageMediaPhoto(spoiler=False, photo=Photo(id=5220115960826632357, access_hash=918447927161804961, file_reference=b'\x02VST\xae\x00\x00\nXi\xc2w/\x02\xf3\xdb\xd8\xb0\xf0\x97\x04\x9a\xa4k]\xd7\x15w\x1c', date=datetime.datetime(2026, 2, 12, 15, 4, 21, tzinfo=datetime.timezone.utc), sizes=[PhotoStrippedSize(type='i', bytes=b'\x01\x14(\xd3!\x04\x9b\x8b\x9c\xfag\x8aw\x98\x9f\xde\x15\x04\xa0\x17?0\x14\x80(#q\x05~\x95<\xc6\x9c\xaa\xc4\x97\x13\xac,\x85\xddUO\xa8\xebB\xcf\x1c\xca|\x96\xdd\x8e\r6\xe6\x14\xb8T,x\x1c\xd2A\x02[\xa3l\xeey\xe2\xa8\x80\x8f\xed\x1ez\xee\xc7\x97\x93\x9e\x9f\x85\x15aI.x8\xc7SE\x02\x17\x14~\x14QL\x00\xf6\x18\xa6\xf5\xed\xd2\x8a*F(<\xd1E\x14\xd0\x99'), PhotoSize(type='m', w=320, h=160, size=17015), PhotoSize(type='x', w=800, h=400, size=64375), PhotoSizeProgressive(type='y', w=1280, h=640, sizes=[9456, 24469, 39695, 56382, 89845])], dc_id=2, has_stickers=False, video_sizes=[]), ttl_seconds=None)",8291.0,71.0,False,"MessageReactions(results=[ReactionCount(reaction=ReactionEmoji(emoticon='❤'), count=28, chosen_order=None), ReactionCount(reaction=ReactionEmoji(emoticon='👍'), count=15, chosen_order=None), ReactionCount(reaction=ReactionEmoji(emoticon='👎'), count=12, chosen_order=None), ReactionCount(reaction=ReactionEmoji(emoticon='🔥'), count=9, chosen_order=None)], min=False, can_see_list=False, reactions_as_tags=False, recent_reactions=[], top_reactors=[])",38.0
2647,2026-02-12 12:52:07+00:00,"5 новых сортцентров по всей России
🔵

Развиваем логистику для вашего удобства! Теперь вы можете отгружать заказы в сортцентры ещё пяти городов:

🔸 Абакан

🔸 Архангельск

🔸 Мурманск

🔸 Петрозаводск

🔸 Сыктывкар

Все сортцентры принимают отгрузки с 12:00 до 19:00.

Адреса и допустимые габариты товаров — в новости.

▶️ Выбрать новый сортцентр

#логистика","MessageMediaPhoto(spoiler=False, photo=Photo(id=5220122944443454759, access_hash=-385050750760007321, file_reference=b'\x02VST\xae\x00\x00\nWi\xc2w/$e\xf0\xfc\x0f\xeb\xbc\x88\x98(\xd2\xb6\xd2\x1b!F', date=datetime.datetime(2026, 2, 12, 12, 31, 11, tzinfo=datetime.timezone.utc), sizes=[PhotoStrippedSize(type='i', bytes=b""\x01\x14(\x92$C\x18-\x1b\x1fR\rI\xe4'\xfc\xf0o\xfb\xeb\xff\x00\xafP$\x81P\x0f,\x1fsJg^1\x12\x8a\xa0#\x90\x01#\x0003\xd2\x94#\x7fw4;\x87e\xc2\x05\xc7\xa7zp\x97\x81\xd74\x9d\xfa\x15\x14\xba\x91\x9e;b\x8a\t\xcd\x14\xc9\x0f5\xf6\xec\xcf\xca;Sh\xa2\x80\x17\xd2\x81\xda\x8a(\x00\xa2\x8a(\x03""), PhotoSize(type='m', w=320, h=160, size=10821), PhotoSize(type='x', w=800, h=400, size=34659), PhotoSizeProgressive(type='y', w=1280, h=640, sizes=[6167, 13624, 22124, 30330, 46695])], dc_id=2, has_stickers=False, video_sizes=[]), ttl_seconds=None)",7361.0,38.0,False,"MessageReactions(results=[ReactionCount(reaction=ReactionEmoji(emoticon='👍'), count=25, chosen_order=None), ReactionCount(reaction=ReactionEmoji(emoticon='👎'), count=23, chosen_order=None), ReactionCount(reaction=ReactionEmoji(emoticon='❤'), count=8, chosen_order=None), ReactionCount(reaction=ReactionEmoji(emoticon='🔥'), count=6, chosen_order=None), ReactionCount(reaction=ReactionEmoji(emoticon='😱'), count=3, chosen_order=None)], min=False, can_see_list=False, reactions_as_tags=False, recent_reactions=[], top_reactors=[])",19.0
2646,2026-02-09 12:30:15+00:00,,"MessageMediaPhoto(spoiler=False, photo=Photo(id=5210772547236993275, access_hash=5210425375120196948, file_reference=b'\x02VST\xae\x00\x00\nVi\xc2w/\x03\xe8\x9b\x8f?\x13\x12\x0c\xde`^\x7f\xff\xb1zL', date=datetime.datetime(2026, 2, 9, 12, 11, 46, tzinfo=datetime.timezone.utc), sizes=[PhotoStrippedSize(type='i', bytes=b'\x01( \x863o\xb0o\x0b\x9c{\xd3\x8f\xd9\xbf\xd8\xfasP\x06P\xa3\x80O\xd2\x93\xcc\x1f\xdc\x1f\x95I\xa8\xb2:\x10B\xc6\x07=A5\x1d?\xcc\xe7\xee\x0f\xca\x9ay9\xc6(\x01)@\xeezR\x8e\x9e\xf4s\xe9Ha\xf4\xa4\xa5\xfc\r\x18\xf64\x00\x80\xd2\xe6\x8a)\x80\x99\xf6\x14g\xda\x8a(\x03'), PhotoSize(type='m', w=256, h=320, size=18956), PhotoSize(type='x', w=640, h=800, size=68243), PhotoSizeProgressive(type='y', w=1024, h=1280, sizes=[9851, 26022, 43199, 57961, 92861])], dc_id=2, has_stickers=False, video_sizes=[]), ttl_seconds=None)",11029.0,29.0,False,,
2645,2026-02-09 12:30:15+00:00,,"MessageMediaPhoto(spoiler=False, photo=Photo(id=5210772547236993274, access_hash=2034517072500151162, file_reference=b'\x02VST\xae\x00\x00\nUi\xc2w/\xe2z\xe3 \xe5\x88\xdb\xd5\x8a\xf2\x87zl\xa1lf', date=datetime.datetime(2026, 2, 9, 12, 11, 40, tzinfo=datetime.timezone.utc), sizes=[PhotoStrippedSize(type='i', bytes=b""\x01( \x8a3o\xb0o\x0b\x9c{\xd3\x1eHC\xe1cV\x1e\xb95\x18|\x0cm\x1f\x95\x19c\xd8~B\xa4\xd6\xc3\xfc\xd8\xf3\xfe\xa1~\x994\xc9\x1d_\x1bP'\xd0\xf5\xa4,{\x81\xf9\nBI\xeb\x8f\xc0P\x001\xde\x94\x0c\x9cRv\xa5_\xe2\xfaR\x19!\x10\xe7\x03<u4N\x8a\xbbJp\r1q\xb1\x87\xf1T\xad\xff\x00\x1ek\x9f^)\x15\xb9^\x95[\x074QTI x\xb3\x92\x87\xf3\xa4\x9aO0\x8c}\xd1\xd0QE+j\x17\xd0""), PhotoSize(type='m', w=256, h=320, size=17633), PhotoSize(type='x', w=640, h=800, size=59096), PhotoSizeProgressive(type='y', w=1024, h=1280, sizes=[9686, 23199, 37026, 49421, 78297])], dc_id=2, has_stickers=False, video_sizes=[]), ttl_seconds=None)",12546.0,29.0,False,,
2644,2026-02-09 12:30:15+00:00,,"MessageMediaPhoto(spoiler=False, photo=Photo(id=5210772547236993273, access_hash=-5668984996414451928, file_reference=b'\x02VST\xae\x00\x00\nTi\xc2w/\xe1\x92\x8d#\xc1\x9eR\x88\xd07ih\x91\xa2o\xe7', date=datetime.datetime(2026, 2, 9, 12, 11, 35, tzinfo=datetime.timezone.utc), sizes=[PhotoStrippedSize(type='i', bytes=b'\x01( lQFbRc\xcfL\x9c5\x07\xec\xc1\xc8p\xa0\xe3\xdf\x8a\x85\x1e@\x06\x1e@1Me\xc9,\xdb\x8f\xa95&\x84\xdf\xe8\xdc\x0f\x90\xfb\xfc\xd4\xd9\x8c\x1b\x08\x8c.}y\xcdC\x84\xf5\xa6\x9cv4\x0e\xc2S\x91K\xb8Q\xd4\xd3i\xca\xc5\x0e\xe1\xd7\xb5!\x96\x85\xa2c\x92sP\xcd\x07\x96\x03\x03\x90j[g\x91\xc9\xdc\xd9\x02\x96\xf0\x8f,\x0c\xf3\x9a\x9b\xbb\xd8\xb6\x93W)\xd2\xf1E\x15d\x06})(\xa2\x80?'), PhotoSize(type='m', w=256, h=320, size=18823), PhotoSize(type='x', w=640, h=800, size=64083), PhotoSizeProgressive(type='y', w=1024, h=1280, sizes=[9749, 24381, 40725, 55339, 86337])], dc_id=2, has_stickers=False, video_sizes=[]), ttl_seconds=None)",12048.0,29.0,False,,
2643,2026-02-09 12:30:15+00:00,,"MessageMediaPhoto(spoiler=False, photo=Photo(id=5210772547236993272, access_hash=-128050645676538385, file_reference=b'\x02VST\xae\x00\x00\nSi\xc2w/\xe6\xb1\x17\t\xff\xda\x0b\x8e\x1a\xc4\t@\xbc\xda\x9a=', date=datetime.datetime(2026, 2, 9, 12, 11, 30, tzinfo=datetime.timezone.utc), sizes=[PhotoStrippedSize(type='i', bytes=b'\x01( dp\xa1\x8dINH\xfe\xeb\x1a\x0f\xd9\xb8\x1f \xef\xd1\xaa\x01+\x04\xdb\xe60\x1e\x99\xa6\xb6\xd69f$\x9e\xf5&\xa5\x81\xf6l\x8c\x94\xe9\xe8\xd5\x14\xe6<\x81\x18\x1e\xe4f\x99\x84\xfe\xf54\x80:\x1a\x00J]\xa6\x92\xae%\xba\x98\x86z\xfa\x8aM\xd8\xa4\xaeU\x03\x07\x9aC\xd0s\x9a\xbb\x1c!A\xdd\x86\xcdCs\x1aG\x8c/ZW\xd4n6Ez\x9a)\xccc\x18\xc8\xa2\x8av\xba%;2cv\x98\xe1I5^i\x8c\xa4d\x01\x8a(\xa4\x92E96\x8f'), PhotoSize(type='m', w=256, h=320, size=19912), PhotoSize(type='x', w=640, h=800, size=70489), PhotoSizeProgressive(type='y', w=1024, h=1280, sizes=[10244, 26197, 44057, 59775, 94928])], dc_id=2, has_stickers=False, video_sizes=[]), ttl_seconds=None)",10523.0,29.0,False,,
2642,2026-02-09 12:30:15+00:00,"Как получить скидку на размещение — 4 лайфхака
🔵

Вы можете получать скидку на размещение 7 или 4 процентных пунктов при среднем времени отгрузки до 28 или 36 часов.

Проверьте виджет на странице FBS-склада — возможно, для скидки осталось сократить время отгрузки всего на пару часов. В карточках подсказали, как это сделать.

Если не удаётся изменить график для получения скидки

Можно поставлять товары на FBY-склад. Стоимость размещения по модели FBY ниже на 7 процентных пунктов почти во всех категориях.

➡️ Настроить график склада

#логистика","MessageMediaPhoto(spoiler=False, photo=Photo(id=5210772547236993271, access_hash=-1621255982449474334, file_reference=b'\x02VST\xae\x00\x00\nRi\xc2w/\xbb--\x1c\x18u\x82\x84\x052F\x8b\xeb\xec\xa3\x02', date=datetime.datetime(2026, 2, 9, 12, 11, 23, tzinfo=datetime.timezone.utc), sizes=[PhotoStrippedSize(type='i', bytes=b'\x01( \xac\xa8\n\x03\xb4g\xfd\xea]\x80\x7f\x00\xe3\xde\x95.0\x8a1\x1f\x18\xea\xb4\xa2\xe0\xf6\x11\xf4\xc7\xdc\xa8\xb1\xb5\xc6\x18\xc1\x07\x00\x0f\xc6\xa3e(pq\xf8T\x92+H\xe5\x88\xc1>\x8aj3\x1b\xff\x00u\xbf*\x06 \x198\xa9\xe3\x08#\xc09s\xcd6\x08\xf7\x96\xe7\x07\x15:\xdb\xa2\x0e2[\xd6\x93c\x8a\xeaOE\x19\xa3#\xd6\xb36(\xaecM\xe9""\xe4\x8e\x94\xa6\xe5\x8a`}\xefZ(\xadl\x8et\xdaC<\xf9?\xbei\xe9p\xc0\x1d\xd9j(\xa1\xa4\nL'), PhotoSize(type='m', w=256, h=320, size=17928), PhotoSize(type='x', w=640, h=800, size=60659), PhotoSizeProgressive(type='y', w=1024, h=1280, sizes=[10233, 24395, 38042, 50335, 80409])], dc_id=2, has_stickers=False, video_sizes=[]), ttl_seconds=None)",10185.0,30.0,False,"MessageReactions(results=[ReactionCount(reaction=ReactionEmoji(emoticon='👎'), count=69, chosen_order=None), ReactionCount(reaction=ReactionEmoji(emoticon='👍'), count=18, chosen_order=None), ReactionCount(reaction=ReactionEmoji(emoticon='❤'), count=11, chosen_order=None), ReactionCount(reaction=ReactionEmoji(emoticon='🔥'), count=3, chosen_order=None), ReactionCount(reaction=ReactionEmoji(emoticon='😱'), count=1, chosen_order=None)], min=False, can_see_list=False, reactions_as_tags=False, recent_reactions=[], top_reactors=[])",95.0
2641,2026-02-05 16:06:39+00:00,"Чтобы ваши товары стали чьими-то подарками

Праздники февраля и марта совсем близко — пора готовиться к сезону распродаж.

Начните с полезных материалов:

🔹 Гайд подготовки к распродажам

🔹 Топ категорий и ниш в прошлом году — на 23 февраля и 8 марта

🔹 Реальный опыт продавцов Маркета: Aravia, Midea и Альфа-трейд, Мебель24

Участвуйте в Бестселлерах, чтобы больше покупателей радовали близких вашими товарами.

▶️ К акциям

#продвижение","MessageMediaPhoto(spoiler=False, photo=Photo(id=5197689591522070934, access_hash=-3762570089012885574, file_reference=b'\x02VST\xae\x00\x00\nQi\xc2w/\\\xaep\x06\xf5\x93\xe1Y\xc5W\xad\xb3).\x8f\xf6', date=datetime.datetime(2026, 2, 5, 15, 59, 34, tzinfo=datetime.timezone.utc), sizes=[PhotoStrippedSize(type='i', bytes=b'\x01\x14(\x9eT\x18\xc1\xc9\xcf\xa50\xdb\xc5\xc7-\xdb\xf9\xfd*F\x94)\xdc\xa4\x12:S\xf7\x92\xa1\x8b)\xe0|\xb8\xfc}k-.u]\xa2\x01mnX\x82\xef\x81\xde\x9am`#\xef8$\x7f\x87\xb7\xd6\xadc\x12e\x1dry\xc6=N}i\xa7zom\xeb\x95\xc9\x03\x1f\xfd\x7fa\xf9\xd0O3\xeed\xba\x15b(\xad\x1d\xbb\xdby\x03\'\xd2\x8a\r\xae\xba\x90\xd1E\x15\x91c\x89\xe0\x0c\x0f\xad""\x80[\x9a(\xa6.\x85\x94\x1cc\xb5\x14Q]1\xd8\xc5\xee\x7f'), PhotoSize(type='m', w=320, h=160, size=15115), PhotoSize(type='x', w=800, h=400, size=50637), PhotoSizeProgressive(type='y', w=1280, h=640, sizes=[9824, 20440, 29288, 36768, 58142])], dc_id=2, has_stickers=False, video_sizes=[]), ttl_seconds=None)",11064.0,18.0,False,"MessageReactions(results=[ReactionCount(reaction=ReactionEmoji(emoticon='👎'), count=55, chosen_order=None), ReactionCount(reaction=ReactionEmoji(emoticon='❤'), count=9, chosen_order=None), ReactionCount(reaction=ReactionEmoji(emoticon='👍'), count=6, chosen_order=None), ReactionCount(reaction=ReactionEmoji(emoticon='😱'), count=1, chosen_order=None)], min=False, can_see_list=False, reactions_as_tags=False, recent_reactions=[], top_reactors=[])",24.0
2640,2026-02-05 14:12:11+00:00,,"MessageMediaPoll(poll=Poll(id=5199848430603605148, question=TextWithEntities(text='Расскажите, как вы готовитесь к\xa0распродажам?', entities=[]), answers=[PollAnswer(text=TextWithEntities(text='Анализирую ассортимент и при необходимости расширяю его', entities=[]), option=b'0'), PollAnswer(text=TextWithEntities(text='Пополняю запасы товаров', entities=[]), option=b'1'), PollAnswer(text=TextWithEntities(text='Обновляю карточки товаров', entities=[]), option=b'2'), PollAnswer(text=TextWithEntities(text='Делаю подборки подходящих товаров', entities=[]), option=b'3'), PollAnswer(text=TextWithEntities(text='Заранее поставляю товары на склад', entities=[]), option=b'4'), PollAnswer(text=TextWithEntities(text='Планирую график работы, чтобы сокращать время отгрузок', entities=[]), option=b'5'), PollAnswer(text=TextWithEntities(text='Вступаю в Бестселлеры', entities=[]), option=b'6'), PollAnswer(text=TextWithEntities(text='Усиливаю продвижение, обращаюсь к дополнительным инструментам', entities=[]), option=b'7'), PollAnswer(text=TextWithEntities(text='Я всегда готов к распродажам\xa0— ничего дополнительно не делаю!', entities=[]), option=b'8')], closed=False, public_voters=False, multiple_choice=True, quiz=False, close_period=None, close_date=None), results=PollResults(min=False, results=[], total_voters=360, recent_voters=[], solution=None, solution_entities=[]))",9786.0,16.0,False,"MessageReactions(results=[ReactionCount(reaction=ReactionEmoji(emoticon='👎'), count=76, chosen_order=None), ReactionCount(reaction=ReactionEmoji(emoticon='❤'), count=4, chosen_order=None), ReactionCount(reaction=ReactionEmoji(emoticon='👍'), count=4, chosen_order=None), ReactionCount(reaction=ReactionEmoji(emoticon='🎄'), count=1, chosen_order=None)], min=False, can_see_list=False, reactions_as_tags=False, recent_reactions=[], top_reactors=[])",78.0
2639,2026-02-02 14:52:46+00:00,"+2 транзитных склада, где можно забрать вывозы
🟣

Продолжаем делать работу с вывозами проще и комфортнее. Ещё два склада — в Нижнем Новгороде и Санкт-Петербурге (Троицкий) — работают на выдачу вывозов.

🔹 В Нижнем Новгороде можно забрать вывозы со складов в Екатеринбурге, Самаре и Москве (Софьино)

🔹 В Троицком — из Москвы (Софьино) и Санкт-Петербурга (Шушары)

Теперь мы доставляем вывозы на 8 складов по всей России:

🔸 Москва (Софьино)

🔸 Санкт-Петербург (Троицкий и Бугры)

🔸 Ростов-на-Дону

🔸 Краснодар

🔸 Екатеринбург

🔸 Самара

🔸 Нижний Новгород

Подробнее о каждом складе — в Справке.

➡️ К заявкам на вывоз

#логистика","MessageMediaPhoto(spoiler=False, photo=Photo(id=5190546180440525633, access_hash=-7289772675720406213, file_reference=b'\x02VST\xae\x00\x00\nOi\xc2w/\xe4fN?\xae\xaf\xca\xacg>\xc8\xbdo\x89z=', date=datetime.datetime(2026, 2, 2, 14, 28, 17, tzinfo=datetime.timezone.utc), sizes=[PhotoStrippedSize(type='i', bytes=b'\x01\x14(\x1c\xb8c\x82@\xfaP\xa5\xc9\xc6\xe2>\xabC\xc5\xb8\x93\xc5\x02""\xa4\x10F@\xac\x0e\xbdG*\xb8<\xbeG\xd2\x99$\x8e\x1d\xb6\xe3\t\xc9\x1d\xcd<\x07\xee\xd9\xfc(\x92\x15\x91\x83g\x1e\xb8\xee(@\xefm\x07\xa9\xdc\x81\x87z(\x00(\xc0\xe8(\xa4\xecR\x1b\xb4g>\xf4\xea(\xa0\x10QE\x14\x00QE\x14\x0c'), PhotoSize(type='m', w=320, h=160, size=13078), PhotoSize(type='x', w=800, h=400, size=46866), PhotoSizeProgressive(type='y', w=1280, h=640, sizes=[7171, 17914, 27691, 36488, 60643])], dc_id=2, has_stickers=False, video_sizes=[]), ttl_seconds=None)",11837.0,77.0,False,"MessageReactions(results=[ReactionCount(reaction=ReactionEmoji(emoticon='❤'), count=25, chosen_order=None), ReactionCount(reaction=ReactionEmoji(emoticon='🔥'), count=16, chosen_order=None), ReactionCount(reaction=ReactionEmoji(emoticon='👎'), count=14, chosen_order=None), ReactionCount(reaction=ReactionEmoji(emoticon='👏'), count=5, chosen_order=None)], min=False, can_see_list=False, reactions_as_tags=False, recent_reactions=[], top_reactors=[])",72.0
